,year,country,age,species,date,month,fatal,sex,main_species,age_numbers
0,2018.0,usa,57,White shark,25-Jun-2018,Jun,n,F,white_shark,57.0
1,2018.0,brazil,18,Tiger shark,03-Jun-2018,Jun,y,M,tiger_shark,18.0
2,2018.0,usa,15,"Bull shark, 6'",26-May-2018,May,n,M,bull_shark,15.0
3,2018.0,australia,32,Grey reef shark,24-May-2018,May,n,M,grey_shark,32.0
4,2018.0,england,21,Invalid incident,13-May-2018,May,n,M,unspecified,21.0
5,2018.0,costa rica,30,Tiger shark,28-Apr-2018,Apr,n,M,tiger_shark,30.0
6,2018.0,australia,60,3 m shark,25-Apr-2018,Apr,n,M,unspecified,60.0
7,2018.0,maldives,32,Tiger shark,23-Apr-2018,Apr,n,M,tiger_shark,32.0
8,2018.0,south africa,33,"White shark, 2.5 m",22-Apr-2018,Apr,n,M,white_shark,33.0
9,2018.0,south africa,19,White shark,03-Apr-2018,Apr,n,M,white_shark,19.0
10,2018.0,usa,25,"Tiger shark, 12'",31-Mar-2018,Mar,n,M,tiger_shark,25.0
11,2018.0,australia,10,Wobbegong shark,14-Mar-2018,Mar,n,M,unspecified,10.0
12,2018.0,australia,69,3.5 m shark,9-Mar-2018,Mar,n,M,unspecified,28.7
13,2018.0,australia,18,1.8 m shark,9-Mar-2018,Mar,n,M,unspecified,18.0
14,2018.0,australia,55,"Juvenile white shark,  2.7 to 3.2 m",23-Feb-2018,Feb,n,F,white_shark,55.0
15,2018.0,australia,35,"Bull shark, 2 m",15-Feb-2018,Feb,n,M,bull_shark,35.0
16,2018.0,brazil,20,small shark,12-Jan-2018,Jan,n,M,unspecified,20.0
17,2017.0,usa,54,Tiger shark,31-Dec-2017,Dec,n,F,tiger_shark,54.0
18,2017.0,usa,25,"White shark, 4.6 m",24-Nov-2017,Nov,n,M,white_shark,25.0
19,2017.0,australia,25,2 m shark,13-Nov-2017,Nov,n,M,unspecified,25.0
20,2017.0,cuba,22,Tiger shark,04-Nov-2017,Nov,y,M,tiger_shark,22.0
21,2017.0,australia,31,"Wobbegong shark, 1 m",28-Oct-2017,Oct,n,M,unspecified,31.0
22,2017.0,australia,15,"White shark, 4.5 m",22-Oct-2017,Oct,n,F,white_shark,15.0
23,2017.0,usa,54,"Tiger shark, 8 to 10 feet",09-Oct-2017,Oct,n,M,tiger_shark,54.0
24,2017.0,usa,40,8' shark,05-Oct-2017,Oct,n,F,unspecified,40.0
25,2017.0,usa,33,Questionable,24-Sep-2017,Sep,unknow,M,unspecified,33.0
26,2017.0,usa,18,5' to 6' shark,13-Sep-2017,Sep,n,M,unspecified,18.0
27,2017.0,australia,35,"White shark, 3 to 3.5m ",10-Sep-2017,Sep,n,M,white_shark,35.0
28,2017.0,australia,37,"White shark, 3 m",29-Aug-2017,Aug,n,M,white_shark,37.0
29,2017.0,spain,11,Shark involvement questionable,26-Aug-2017,Aug,unknow,F,unspecified,11.0
30,2017.0,usa,69,"White shark, 5' to 7'",23-Aug-2017,Aug,n,M,white_shark,28.7
31,2017.0,usa,13,Possibly a juvenile blacktip shark,10-Aug-2017,Aug,n,M,unspecified,13.0
32,2017.0,usa,34,4' shark,03-Aug-2017,Aug,n,M,unspecified,34.0
33,2017.0,usa,10,A small shark,29-Jul-2017,Jul,unknow,M,unspecified,10.0
34,2017.0,usa,40,"White shark, 11' to 13'",20-Jul-2017,Jul,n,M,white_shark,40.0
35,2017.0,usa,50,"White shark, 8' to 10'",20-Jul-2017,Jul,n,M,white_shark,50.0
36,2017.0,usa,46,"Bull shark, 4' to 5'",09-Jul-2017,Jul,n,M,bull_shark,46.0
37,2017.0,south africa,13,"White shark, 2.5 m",07-Jul-2017,Jul,n,F,white_shark,13.0
38,2017.0,australia,48,"White shark, 4 m",11-Jun-2017,Jun,n,M,white_shark,48.0
39,2017.0,bahamas,32,Tiger shark,02-Jun-2017,Jun,n,F,tiger_shark,32.0
40,2017.0,usa,18,Shark involvement highly doubtful,03-May-2017,May,unknow,F,unspecified,18.0
41,2017.0,australia,17,White shark,17-Apr-2017,Apr,y,F,white_shark,17.0
42,2017.0,usa,28,"Tiger shark, 12'",14-Apr-2017,Apr,n,M,tiger_shark,28.0
43,2017.0,usa,17,"Bull shark, 5' to 7'",02-Apr-2017,Apr,n,F,bull_shark,17.0
44,2017.0,australia,55,"Bull shark, 4 m",21-Jan-2017,Jan,n,M,bull_shark,55.0
45,2017.0,indonesia,48,"Bull shark, 1 m",09-Jan-2017,Jan,n,M,bull_shark,48.0
46,2017.0,australia,20,Shark involvement not confirmed,03-Jan-2017,Jan,unknow,M,unspecified,20.0
47,2016.0,south africa,55,"White shark, 4 m",19-Dec-2016,Dec,n,M,white_shark,55.0
48,2016.0,usa,19,Shark involvement not confirmed,11-Dec-2016,Dec,unknow,M,unspecified,19.0
49,2016.0,australia,20,"Wobbegong shark, 2m",06-Dec-2016,Dec,n,M,unspecified,20.0
50,2016.0,australia,65,White shark,01-Dec-2016,Dec,n,M,white_shark,65.0
51,2016.0,australia,73,"Broadnose sevengill shark, 1.5 m",28-Nov-2016,Nov,n,M,unspecified,28.7
52,2016.0,usa,58,Tiger shark,14-Nov-2016,Nov,n,F,tiger_shark,58.0
53,2016.0,usa,36, 6' to 8' shark,21-Oct-2016,Oct,n,M,unspecified,36.0
54,2016.0,australia,17,"White shark, 3.5 m",26-Sep-2016,Sep,n,M,white_shark,17.0
55,2016.0,usa,60s,3' to 4' shark,11-Sep-2016,Sep,n,M,unspecified,60.0
56,2016.0,usa,51,"Tiger shark, 10'",07-Sep-2016,Sep,n,F,tiger_shark,51.0
57,2016.0,usa,25,"Bull shark, 6'",29-Aug-2016,Aug,n,M,bull_shark,25.0
58,2016.0,usa,21,"Tiger shark, 10' ",06-Aug-2016,Aug,n,M,tiger_shark,21.0
59,2016.0,spain,40,Blue shark,29-Jul-2016,Jul,n,M,unspecified,40.0
60,2016.0,australia,31,"reef shark, 1m",20-Jul-2016,Jul,n,M,unspecified,31.0
61,2016.0,usa,61,"White shark, 10' to 12'",15-Jul-2016,Jul,n,M,white_shark,61.0
62,2016.0,usa,59,dogfish shark,07-Jul-2016,Jul,n,M,unspecified,59.0
63,2016.0,australia,34,Tawny nurse shark,04-Jul-2016,Jul,n,M,unspecified,34.0
64,2016.0,usa,42,3' to 5' shark,21-Jun-2016,Jun,n,M,unspecified,42.0
65,2016.0,usa,6,3' to 4' shark,14-Jun-2016,Jun,n,F,unspecified,6.0
66,2016.0,usa,19,3' shark,11-Jun-2016,Jun,n,M,unspecified,19.0
67,2016.0,usa,27,Said to involve an 8' shark but more likely damage caused by debris,07-Jun-2016,Jun,unknow,M,unspecified,27.0
68,2016.0,australia,60,3+ m shark,05-Jun-2016,Jun,y,F,unspecified,60.0
69,2016.0,egypt,23,Mako shark,04-Jun-2016,Jun,n,M,unspecified,23.0
70,2016.0,australia,29,White shark,31-May-2016,May,y,M,white_shark,29.0
71,2016.0,usa,13,5' shark,29-May-2016,May,n,M,unspecified,13.0
72,2016.0,usa,22,"Bull shark, 4' to 5'",21-May-2016,May,n,F,bull_shark,22.0
73,2016.0,usa,48,"Blacktip shark, 4'",18-May-2016,May,n,M,unspecified,48.0
74,2016.0,usa,23,"Nurse shark, 2'",15-May-2016,May,n,F,unspecified,23.0
75,2016.0,new zealand,39,"Mako shark, 1.5 m [5'] ",02-May-2016,May,n,M,unspecified,39.0
76,2016.0,indonesia,24,"Bull shark, 6'",25-Apr-2016,Apr,n,M,bull_shark,24.0
77,2016.0,australia,12,Wobbegong shark,19-Apr-2016,Apr,n,M,unspecified,12.0
78,2016.0,french polynesia,22,"Grey reef shark, 2 m",18-Apr-2016,Apr,unknow,M,grey_shark,22.0
79,2016.0,french polynesia,26,"Grey reef shark, 2 m",18-Apr-2016,Apr,n,M,grey_shark,26.0
80,2016.0,new caledonia,69,"Tiger shark, 2.5 m",09-Apr-2016,Apr,y,F,tiger_shark,28.7
81,2016.0,usa,48,"Tiger shark, 14'",23-Jan-2016,Jan,n,M,tiger_shark,48.0
82,2016.0,australia,11,Blacktip shark,05-Jan-2016,Jan,n,M,unspecified,11.0
83,2016.0,australia,31,3 m shark,02-Jan-2016,Jan,n,M,unspecified,31.0
84,2015.0,usa,71,9' shark,22-Dec-2015,Dec,n,M,unspecified,28.7
85,2015.0,australia,43,"Bronze whaler shark, 6'",21-Dec-2015,Dec,n,M,unspecified,43.0
86,2015.0,ecuador,55,Galapagos shark,20-Nov-2015,Nov,n,M,unspecified,55.0
87,2015.0,australia,20,"Bull shark, 2.8 to 3.1 m",10-Nov-2015,Nov,n,M,bull_shark,20.0
88,2015.0,usa,9,Shark involvement not confirmed,07-Nov-2015,Nov,unknow,F,unspecified,9.0
89,2015.0,usa,28,3' to 5' shark,01-Nov-2015,Nov,n,F,unspecified,28.0
90,2015.0,south africa,42,"White shark, 3 to 3.5m ",25-Oct-2015,Oct,n,M,white_shark,42.0
91,2015.0,usa,21,5' shark,21-Oct-2015,Oct,n,M,unspecified,21.0
92,2015.0,usa,21,"Spinner shark, 5'",19-Oct-2015,Oct,n,M,unspecified,21.0
93,2015.0,usa,32,No shark involvement,17-Oct-2015,Oct,unknow,M,unspecified,32.0
94,2015.0,usa,44,"Tiger shark, 7'",17-Oct-2015,Oct,n,M,tiger_shark,44.0
95,2015.0,usa,25,"Tiger shark, 13' ",09-Oct-2015,Oct,n,M,tiger_shark,25.0
96,2015.0,usa,13,4' to 5' shark,05-Oct-2015,Oct,n,M,unspecified,13.0
97,2015.0,usa,14,"Blacktip shark, 4' to 5'",04-Oct-2015,Oct,n,M,unspecified,14.0
98,2015.0,usa,22,"Blacktip shark, 5' to 6'",29-Sep-2015,Sep,n,M,unspecified,22.0
99,2015.0,usa,14,juvenile shark,20-Sep-2015,Sep,n,M,unspecified,14.0
100,2015.0,usa,27,"Tiger shark, 13'",20-Sep-2015,Sep,n,M,tiger_shark,27.0
101,2015.0,usa,12,4' shark,20-Sep-2015,Sep,n,M,unspecified,12.0
102,2015.0,australia,42,6' shark,08-Sep-2015,Sep,n,M,unspecified,42.0
103,2015.0,usa,50,"White shark, 11' to 12'",06-Sep-2015,Sep,n,F,white_shark,50.0
104,2015.0,usa,29,Hammerhead shark.,05-Sep-2015,Sep,n,M,unspecified,29.0
105,2015.0,australia,62,"White shark, 2.5 m",04-Sep-2015,Sep,n,M,white_shark,62.0
106,2015.0,thailand,37,small shark,01-Sep-2015,Sep,n,F,unspecified,37.0
107,2015.0,usa,54,"White shark, 11' to 12'",29-Aug-2015,Aug,n,F,white_shark,54.0
108,2015.0,usa,21,"White shark, 10' to 12' ",29-Aug-2015,Aug,n,M,white_shark,21.0
109,2015.0,usa,15,4' shark,20-Aug-2015,Aug,n,M,unspecified,15.0
110,2015.0,usa,10,3' shark,19-Aug-2015,Aug,n,F,unspecified,10.0
111,2015.0,usa,22,"White shark, 13'",18-Aug-2015,Aug,n,M,white_shark,22.0
112,2015.0,spain,10,Shark involvement not confirmed,18-Aug-2015,Aug,unknow,M,unspecified,10.0
113,2015.0,usa,57,Hammerhead shark. 6' to 7',10-Aug-2015,Aug,n,M,unspecified,57.0
114,2015.0,australia,52,White shark,31-Jul-2015,Jul,n,M,white_shark,52.0
115,2015.0,usa,25,"Blacktip or spinner shark, 4'",26-Jul-2015,Jul,n,M,unspecified,25.0
116,2015.0,usa,35,"Thought to involve a 3' to 4' shark, but shark involvement not confirmed",26-Jul-2015,Jul,unknow,F,unspecified,35.0
117,2015.0,australia,46,"White shark, 3.9 to 4.2 m",25-Jul-2015,Jul,y,M,white_shark,46.0
118,2015.0,usa,38,"White shark, 7'",10-Jul-2015,Jul,n,M,white_shark,38.0
119,2015.0,australia,52,White shark,03-Jul-2015,Jul,n,M,white_shark,52.0
120,2015.0,australia,32,White shark,02-Jul-2015,Jul,n,M,white_shark,32.0
121,2015.0,usa,68,6' to 7' shark,01-Jul-2015,Jul,n,M,unspecified,28.7
122,2015.0,usa,12,4' to 5' shark,30-Jun-2015,Jun,n,M,unspecified,12.0
123,2015.0,usa,18,Bull shark,27-Jun-2015,Jun,n,M,bull_shark,18.0
124,2015.0,south africa,19,White shark,27-Jun-2015,Jun,n,M,white_shark,19.0
125,2015.0,south africa,23,"White shark, 2m to 3 m",26-Jun-2015,Jun,n,M,white_shark,23.0
126,2015.0,usa,43,4' shark,26-Jun-2015,Jun,n,M,unspecified,43.0
127,2015.0,usa,6,Sandtiger shark,24-Jun-2015,Jun,n,M,tiger_shark,6.0
128,2015.0,australia,37,White shark,24-Jun-2015,Jun,n,F,white_shark,37.0
129,2015.0,usa,16,Bull shark,14-Jun-2015,Jun,n,M,bull_shark,16.0
130,2015.0,usa,12,Bull shark,14-Jun-2015,Jun,n,F,bull_shark,12.0
131,2015.0,usa,13,4' shark,11-Jun-2015,Jun,n,F,unspecified,13.0
132,2015.0,usa,11,"Bull shark, 5'",07-Jun-2015,Jun,n,M,bull_shark,11.0
133,2015.0,reunion,47,"Bull shark, 2.5 m",01-Jun-2015,Jun,n,M,bull_shark,47.0
134,2015.0,french polynesia,19,1m to 1.2 m shark,25-May-2015,May,n,M,unspecified,19.0
135,2015.0,usa,18,5' shark,20-May2015,May2015,n,M,unspecified,18.0
136,2015.0,south africa,29,"White shark, 3.5 m",02-May-2015,May,n,M,white_shark,29.0
137,2015.0,usa,63,3- to 4-foot shark,26-Apr-2015,Apr,n,M,unspecified,63.0
138,2015.0,australia,26,"White shark, 6 m",25-Apr-2015,Apr,n,M,white_shark,26.0
139,2015.0,australia,71,"White shark, 3 m",24-Jun-2015,Jun,n,M,white_shark,28.7
140,2015.0,reunion,13,Bull shark,12-Apr-2015,Apr,y,M,bull_shark,13.0
141,2015.0,usa,70,Bull shark,03-Apr-2015,Apr,n,M,bull_shark,28.7
142,2015.0,brazil,23,No shark involvement,31-Mar-2015,Mar,unknow,M,unspecified,23.0
143,2015.0,usa,58,"Tiger shark, 8 to 12 feet",18-Mar-2015,Mar,n,M,tiger_shark,58.0
144,2015.0,french polynesia,9,Blacktip shark,16-Mar-2015,Mar,n,M,unspecified,9.0
145,2015.0,reunion,22,"Tiger shark, 3.5 m",14-Feb-2015,Feb,y,F,tiger_shark,22.0
146,2015.0,australia,41,3.5 to 4 m shark,09-Feb-2015,Feb,y,M,unspecified,41.0
147,2015.0,australia,35,2 m to  3 m shark,08-Feb-2015,Feb,n,M,unspecified,35.0
148,2015.0,australia,57,"Bull shark, 1.3 m",30-Jan-2015,Jan,n,M,bull_shark,57.0
149,2015.0,usa,20,4' shark,27-Jan-2015,Jan,n,M,unspecified,20.0
150,2015.0,bahamas,34,White shark or oceanic whitetip shark,06-Jan-2015,Jan,n,F,white_shark,34.0
151,2015.0,south africa,15,"Raggedtooth shark, 1.3 m",03-Jan-2015,Jan,n,M,unspecified,15.0
152,2014.0,australia,17,"White shark, 4 to 5 m",29-Dec-2014,Dec,y,M,white_shark,17.0
153,2014.0,usa,50,"White shark, 8' to 10'",28-Dec-2014,Dec,n,M,white_shark,50.0
154,2014.0,australia,40s,1.5 m shark,28-Dec-2014,Dec,n,M,unspecified,40.0
155,2014.0,australia,17,Tiger shark,15-Dec-2014,Dec,y,M,tiger_shark,17.0
156,2014.0,usa,44,2' shark,16-Nov-2014,Nov,n,M,unspecified,44.0
157,2014.0,usa,53,1.5 m shark,13-Nov-2014,Nov,n,M,unspecified,53.0
158,2014.0,usa,34,"Tiger shark, 12'",31-Oct-2014,Oct,n,F,tiger_shark,34.0
159,2014.0,australia,13,1 m shark,17-Oct-2014,Oct,n,F,unspecified,13.0
160,2014.0,usa,29,Blacktip shark,05-Oct-2014,Oct,n,M,unspecified,29.0
161,2014.0,usa,15,Blacktip shark,05-Oct-2014,Oct,n,M,unspecified,15.0
162,2014.0,usa,28,8' to 10' shark,02-Oct-2014,Oct,n,M,unspecified,28.0
163,2014.0,australia,23,"2 white shark: 13' & 9""8""",02-Oct-2014,Oct,n,M,white_shark,23.0
164,2014.0,australia,50,7' shark,09-Sep-2014,Sep,y,M,unspecified,50.0
165,2014.0,usa,43,Bull shark,06-Sep-2014,Sep,n,M,bull_shark,43.0
166,2014.0,usa,20s,"White shark, 12' to 14'",03-Sep-2014,Sep,n,F,white_shark,20.0
167,2014.0,usa,52,3' to 4' shark,02-Sep-2014,Sep,n,M,unspecified,52.0
168,2014.0,usa,13,Spinner shark,31-Aug-2014,Aug,n,F,unspecified,13.0
169,2014.0,usa,7," Bull shark, 5'",08-Aug-2014,Aug,n,M,bull_shark,7.0
170,2014.0,usa,10,4' tp 5' shark,06-Aug-2014,Aug,n,M,unspecified,10.0
171,2014.0,south africa,20,White shark,01-Aug-2014,Aug,n,M,white_shark,20.0
172,2014.0,usa,61,6' to 8' shark,16-Jul-2014,Jul,n,M,unspecified,61.0
173,2014.0,usa,39,4' shark,14-Jul-2014,Jul,n,M,unspecified,39.0
174,2014.0,bahamas,63,Shark involvement not confirmed,13-Jul-2014,Jul,unknow,M,unspecified,63.0
175,2014.0,usa,19,4' to 5' shark,3-Jul-2014,Jul,n,M,unspecified,19.0
176,2014.0,usa,16," Sandbar shark, 3' to 4'",09-Jun-2014,Jun,n,M,unspecified,16.0
177,2014.0,australia,39,"Bronze whaler shark, 1.5m",09-Jun-2014,Jun,n,M,unspecified,39.0
178,2014.0,usa,22,Bull shark,01-Jun-2014,Jun,n,F,bull_shark,22.0
179,2014.0,australia,35," white shark, 15' ",14-May-2014,May,n,M,white_shark,35.0
180,2014.0,usa,40,4' to 5' shark,06-May-2014,May,n,F,unspecified,40.0
181,2014.0,usa,23,3' shark,01-May-2014,May,n,M,unspecified,23.0
182,2014.0,australia,63,3 m to 4 m white shark,03-Apr-2014,Apr,y,F,white_shark,63.0
183,2014.0,australia,38,Shark involvement prior to death not confirmed,29-Mar-2014,Mar,unknow,M,unspecified,38.0
184,2014.0,south africa,66,2 m shark,22-Mar-2014,Mar,y,M,unspecified,28.7
185,2014.0,french polynesia,21,Blacktip reef shark ,20-Feb-2014,Feb,n,M,unspecified,21.0
186,2014.0,new zealand,28,7-gill shark?,07-Feb-2014,Feb,n,M,unspecified,28.0
187,2013.0,new caledonia,37,Reported to involve a bull shark,25-Dec-2013,Dec,n,M,bull_shark,37.0
188,2013.0,south africa,19,"White shark, 3m ",16-Dec-2013,Dec,n,M,white_shark,19.0
189,2013.0,usa,29,"Tiger shark, 10' to 12'",11-Dec-2013,Dec,n,M,tiger_shark,29.0
190,2013.0,usa,30,4' to 6' shark,10-Dec-2013,Dec,n,M,unspecified,30.0
191,2013.0,australia,26," Wobbegong shark, 1.6 to 1.8m ",05-Dec-2013,Dec,n,M,unspecified,26.0
192,2013.0,australia,19,"Tiger shark, 3m ",30-Nov-2013,Nov,y,M,tiger_shark,19.0
193,2013.0,australia,35,Thought to involve a white shark,23-Nov-2013,Nov,y,M,white_shark,35.0
194,2013.0,usa,25,"White shark, 10 '",22-Nov-2013,Nov,n,M,white_shark,25.0
195,2013.0,usa,46,Tiger shark,31-Oct-2013,Oct,n,M,tiger_shark,46.0
196,2013.0,australia,60,"Blacktip reef shark, 1m",28-Oct-2013,Oct,n,F,unspecified,60.0
197,2013.0,reunion,24,Thought to involve a bull shark,26-Oct-2013,Oct,n,M,bull_shark,24.0
198,2013.0,australia,41,Wobbegong shark,24-Oct-2013,Oct,n,M,unspecified,41.0
199,2013.0,usa,45,"Whitetip reef shark, 4' to 6'",23-Oct-2013,Oct,n,M,white_shark,45.0
200,2013.0,usa,25,Tiger shark,20-Oct-2013,Oct,n,M,tiger_shark,25.0
201,2013.0,usa,6,Nurse shark?,19-Oct-2013,Oct,n,M,unspecified,6.0
202,2013.0,south africa,74,White shark,11-Oct-2013,Oct,y,M,white_shark,28.7
203,2013.0,australia,55,White shark,08-Oct-2013,Oct,n,M,white_shark,55.0
204,2013.0,usa,45,"White shark, 8' to 10'",06-Oct-2013,Oct,n,M,white_shark,45.0
205,2013.0,usa,21,Bull shark, 14-Sep-2013,Sep,n,M,bull_shark,21.0
206,2013.0,usa,13,3' shark, 12-Sep-2013,Sep,n,F,unspecified,13.0
207,2013.0,usa,43,3' shark, 07-Sep-2013,Sep,n,M,unspecified,43.0
208,2013.0,usa,25,3' shark, 07-Sep-2013,Sep,n,M,unspecified,25.0
209,2013.0,usa,9,4' shark, 01-Sep-2013,Sep,n,M,unspecified,9.0
210,2013.0,usa,20,Tiger shark?, 14-Aug-2013,Aug,y,F,tiger_shark,20.0
211,2013.0,usa,10,"Bull shark, 8'",11-Aug-2013,Aug,n,M,bull_shark,10.0
212,2013.0,usa,17,"Bull shark, 6' to 8'", 05-Aug-2013,Aug,n,M,bull_shark,17.0
213,2013.0,bahamas,40,6' shark,28-Jul-2013,Jul,n,M,unspecified,40.0
214,2013.0,usa,18,"Tiger shark, 8' to 10' ",  29-Jul-2013,Jul,n,M,tiger_shark,18.0
215,2013.0,bahamas,64,Nurse shark,28-Jul-2013,Jul,n,M,unspecified,64.0
216,2013.0,usa,14,4' to 5' shark,25-Jun-2013,Jun,n,M,unspecified,14.0
217,2013.0,usa,28,"Tiger shark, 14'",18-Jun-2013,Jun,n,M,tiger_shark,28.0
218,2013.0,usa,10,4' to 5' shark,Reported 14-Jun-2013,ReportedJun,n,F,unspecified,10.0
219,2013.0,ecuador,29,Galapagos shark,14-May-2014,May,n,M,unspecified,29.0
220,2013.0,reunion,36,Bull shark,08-May-2013,May,y,M,bull_shark,36.0
221,2013.0,usa,16,a small shark,04-May-2013,May,n,M,unspecified,16.0
222,2013.0,mexico,34,Tiger shark,24-Apr-2013,Apr,n,F,tiger_shark,34.0
223,2013.0,australia,51,"Grey nurse shark, 3m",21-Apr-2013,Apr,n,M,grey_shark,51.0
224,2013.0,usa,9,3' shark,17-Apr-2013,Apr,n,M,unspecified,9.0
225,2013.0,usa,21,Bull shark,13-Apr-2013,Apr,n,M,bull_shark,21.0
226,2013.0,french polynesia,53,Possibly a blacktip reef shark,10-Apr-2013,Apr,n,M,unspecified,53.0
227,2013.0,usa,58,4' shark,02-Apr-2013,Apr,n,M,unspecified,58.0
228,2013.0,south africa,30,"Raggedtooth shark, 1.5 m",16-Mar-2013,Mar,n,M,unspecified,30.0
229,2013.0,jamaica,68,"Tiger shark, 4.8 m",12-Mar-2013,Mar,y,M,tiger_shark,28.7
230,2013.0,australia,28,"Bronze whaler shark, 2.5m",10-Mar-2013,Mar,n,M,unspecified,28.0
231,2013.0,new zealand,46,"White shark, 4m",27-Feb-2013,Feb,y,M,white_shark,46.0
232,2013.0,usa,16,"Blacktip shark, 4' to 5'",10-Feb-2013,Feb,n,M,unspecified,16.0
233,2013.0,french polynesia,48,Lemon shark,09-Feb-2013,Feb,n,M,lemon_shark,48.0
234,2013.0,usa,43,"Tiger shark, 15'",16-Jan-2013,Jan,n,M,tiger_shark,43.0
235,2012.0,australia,23,2.5 m shark,30-Dec-2012,Dec,n,M,unspecified,23.0
236,2012.0,australia,29,"Bull shark, 2m ",28-Dec-2012,Dec,n,M,bull_shark,29.0
237,2012.0,australia,32,"Tiger shark, 6'",19-Dec-2012,Dec,n,M,tiger_shark,32.0
238,2012.0,usa,60,10' shark,05-Dec-2012,Dec,n,M,unspecified,60.0
239,2012.0,australia,31,Sandtiger shark,02-Dec-2012,Dec,n,M,tiger_shark,31.0
240,2012.0,usa,61,"Tiger shark, 10'",30-Nov-2012,Nov,n,M,tiger_shark,61.0
241,2012.0,mexico,32,2.5 m shark,22-Nov-2012,Nov,y,M,unspecified,32.0
242,2012.0,usa,14,2' to 3' shark,19-Nov-2012,Nov,n,M,unspecified,14.0
243,2012.0,usa,30,"Tiger shark, 15'",04-Nov-2012,Nov,n,M,tiger_shark,30.0
244,2012.0,usa,43,"Tiger shark, 8'",04-Nov-2012,Nov,n,M,tiger_shark,43.0
245,2012.0,usa,25,White shark,30-Oct-2012,Oct,n,M,white_shark,25.0
246,2012.0,usa,51,"Tiger shark, 10' to 12' ",27-Oct-2012,Oct,n,F,tiger_shark,51.0
247,2012.0,usa,39,"White shark, 15' to 16' ",23-Oct-2012,Oct,y,M,white_shark,39.0
248,2012.0,usa,55,6' to 8' shark,18-Oct-2012,Oct,n,M,unspecified,55.0
249,2012.0,australia,11,2m shark,02-Oct-2012,Oct,n,M,unspecified,11.0
250,2012.0,usa,21,5' shark,25-Sep-2012,Sep,n,M,unspecified,21.0
251,2012.0,usa,22,4' shark,24-Sep-2012,Sep,n,M,unspecified,22.0
252,2012.0,usa,8,3.5' to 4' shark,02-Sep-2012,Sep,n,F,unspecified,8.0
253,2012.0,usa,56,3.5' to 4' shark,02-Sep-2012,Sep,n,F,unspecified,56.0
254,2012.0,usa,56,"Lemon shark, 4' to 5' ",08-Aug-2012,Aug,n,M,lemon_shark,56.0
255,2012.0,australia,48,White shark or bronze whaler,31-Jul-2012,Jul,n,M,white_shark,48.0
256,2012.0,usa,50,Thought to involve a white shark,30-Jul-2012,Jul,n,M,white_shark,50.0
257,2012.0,australia,24,"White shark, 5m",14-Jul-2012,Jul,y,M,white_shark,24.0
258,2012.0,usa,52,14' to 18'shark,07-Jul-2012,Jul,n,M,unspecified,52.0
259,2012.0,south africa,29,15' shark,06-Jul-2012,Jul,n,M,unspecified,29.0
260,2012.0,usa,6,possibly a bull shark,26-Jun-2012,Jun,n,M,bull_shark,6.0
261,2012.0,usa,16,a small reef shark,26-Jun-2012,Jun,n,F,unspecified,16.0
262,2012.0,australia,62,3 m shark,20-Jun-2012,Jun,n,M,unspecified,62.0
263,2012.0,usa,23,Nurse shark,15-Jun-2012,Jun,n,M,unspecified,23.0
264,2012.0,usa,18,small blacktip shark?,14-Jun-2012,Jun,n,F,unspecified,18.0
265,2012.0,usa,16,Blacktip shark ,14-Jun-2012,Jun,n,M,unspecified,16.0
266,2012.0,australia,42,1.5 m shark,12-Jun-2012,Jun,n,M,unspecified,42.0
267,2012.0,italy,57,"Blue shark, 2.5m",10-Jun-2012,Jun,unknow,M,unspecified,57.0
268,2012.0,australia,30,"White shark, 2 m",03-Jun-2012,Jun,n,M,white_shark,30.0
269,2012.0,usa,33,"18"" to 24"" shark",31-May-2012,May,n,F,unspecified,33.0
270,2012.0,mexico,46,"Bull shark, 3m",29-May-2012,May,n,M,bull_shark,46.0
271,2012.0,usa,22,4' to 5' shark,23-May-2012,May,n,M,unspecified,22.0
272,2012.0,usa,30,White shark,12-May-2012,May,n,M,white_shark,30.0
273,2012.0,usa,15,White shark,06-May-2012,May,n,F,white_shark,15.0
274,2012.0,usa,28,5' shark,19-Apr-2012,Apr,n,M,unspecified,28.0
275,2012.0,south africa,20,"White shark, 4 m to 5m ",19-Apr-2012,Apr,y,M,white_shark,20.0
276,2012.0,usa,28,"Tiger shark, 10'  ",03-Apr-2012,Apr,n,M,tiger_shark,28.0
277,2012.0,australia,33,"White shark, 4m ",31-Mar-2012,Mar,y,M,white_shark,33.0
278,2012.0,australia,20,Possibly a bull shark,20-Mar-2012,Mar,n,M,bull_shark,20.0
279,2012.0,usa,61,Possibly a 5' to 6' bull shark,15-Mar-2012,Mar,n,M,bull_shark,61.0
280,2012.0,usa,15,4' to 5' shark,14-Mar-2012,Mar,n,F,unspecified,15.0
281,2012.0,usa,17,4' to 5' shark,14-Mar-2012,Mar,n,M,unspecified,17.0
282,2012.0,australia,34,"Tawny nurse shark, 40cm",06-Mar-2012,Mar,n,F,unspecified,34.0
283,2012.0,usa,19,4' shark,04-Mar-2012,Mar,n,M,unspecified,19.0
284,2012.0,australia,26,"Tiger shark, 3m",19-Jan-2012,Jan,n,M,tiger_shark,26.0
285,2012.0,australia,44,"White shark, 2.7 m",18-Jan-2012,Jan,n,M,white_shark,44.0
286,2012.0,south africa,25,Thought to involve a bull shark,15-Jan-2012,Jan,y,M,bull_shark,25.0
287,2012.0,australia,28,2 m shark,03-Jan-2012,Jan,n,M,unspecified,28.0
288,2012.0,australia,34,Allegedly a 4 m tiger shark,02-Jan-2012,Jan,n,M,tiger_shark,34.0
289,2011.0,australia,51,"White shark, 2.5m",11-Dec-2011,Dec,n,M,white_shark,51.0
290,2011.0,australia,10,Wobbegong shark?,28-Nov-2011,Nov,n,M,unspecified,10.0
291,2011.0,australia,32,"White shark, 10'",22-Oct-2011,Oct,y,M,white_shark,32.0
292,2011.0,australia,50,"Port Jackson shark, 1m",19-Oct-2011,Oct,n,M,unspecified,50.0
293,2011.0,usa,27,No shark involvement,30-Sep-2011,Sep,unknow,M,unspecified,27.0
294,2011.0,south africa,43,White shark,28-Sep-2011,Sep,n,M,white_shark,43.0
295,2011.0,usa,21,"Bull shark, 6'",24-Sep-2011,Sep,n,M,bull_shark,21.0
296,2011.0,usa,25,4' to 6' shark,16-Sep-2011,Sep,n,M,unspecified,25.0
297,2011.0,papua new guinea,30,"Tiger shark, 2m",11-Sep-2011,Sep,n,M,tiger_shark,30.0
298,2011.0,australia,21,White shark,04-Sep-2011,Sep,y,M,white_shark,21.0
299,2011.0,usa,19,"6' shark, possibly a blactip or spinner shark",02-Sep-2011,Sep,n,M,unspecified,19.0
300,2011.0,usa,19,6' shark,31-Aug-2011,Aug,n,M,unspecified,19.0
301,2011.0,australia,48,Shark involvement prior to death not confirmed,28-Aug-2011,Aug,unknow,M,unspecified,48.0
302,2011.0,south africa,49,"White shark, >6'",23-Aug-2011,Aug,y,M,white_shark,49.0
303,2011.0,usa,20s,Possibly a 5' to 6' sandtiger shark,17-Aug-2011,Aug,n,F,tiger_shark,20.0
304,2011.0,russia,25,4 m shark,17-Aug-2011,Aug,n,M,unspecified,25.0
305,2011.0,french polynesia,32,Grey reef shark ,16-Aug-2011,Aug,n,M,grey_shark,32.0
306,2011.0,seychelles,30,"Bull shark, 6'",16-Aug-2011,Aug,y,M,bull_shark,30.0
307,2011.0,south africa,29,"White shark, 3m to 4m",22-Jul-2011,Jul,n,M,white_shark,29.0
308,2011.0,south africa,22,"Bull shark, 3m female",28-Jun-2011,Jun,n,M,bull_shark,22.0
309,2011.0,usa,10,"Bull shark, 6'",26-Jun-2008,Jun,n,F,bull_shark,10.0
310,2011.0,usa,28,"Blacktip shark, 4'",12-Jun-2011,Jun,n,M,unspecified,28.0
311,2011.0,usa,19,3' to 4' shark,06-Jun-2011,Jun,n,M,unspecified,19.0
312,2011.0,south africa,28,Zambesi shark,21-May-2011,May,y,M,unspecified,28.0
313,2011.0,new caledonia,15," Tiger shark, 2.8m",21-May-2011,May,y,M,tiger_shark,15.0
314,2011.0,australia,17,"reef shark, 1.5m",23-Apr-2011,Apr,n,M,unspecified,17.0
315,2011.0,usa,49,1' to 2' shark,22-Apr-2011,Apr,n,M,unspecified,49.0
316,2011.0,new zealand,41,possibly a bronze whaler shark,16-Apr-2011,Apr,n,M,unspecified,41.0
317,2011.0,australia,48,"Bull shark, 2.5m",23-Mar-2011,Mar,n,M,bull_shark,48.0
318,2011.0,australia,24,3 m to 4 m shark,16-Mar-2011,Mar,n,F,unspecified,24.0
319,2011.0,australia,36,"Bull shark, 2m",Reported 28-Feb-2011,ReportedFeb,n,M,bull_shark,36.0
320,2011.0,new caledonia,21,1.5 m shark,23-Feb-2011,Feb,n,M,unspecified,21.0
321,2011.0,australia,49,White shark x 2,17-Feb-2011,Feb,y,M,white_shark,49.0
322,2011.0,mexico,38,6' shark,31-Jan-2011,Jan,n,F,unspecified,38.0
323,2011.0,bahamas,55,Caribbean reef shark,26-Jan-2011,Jan,n,M,unspecified,55.0
324,2011.0,australia,7,Shark involvement not confirmed,20-Jan-2011,Jan,unknow,F,unspecified,7.0
325,2010.0,usa,16,6' shark,26-Dec-2010,Dec,n,M,unspecified,16.0
326,2010.0,egypt,70,"Oceanic whitetip shark, 2.5m ",05-Dec-2010,Dec,y,F,white_shark,28.7
327,2010.0,egypt,54,Mako shark ,01-Dec-2010,Dec,n,M,unspecified,54.0
328,2010.0,egypt,46,Mako shark,01-Dec-2010,Dec,n,M,unspecified,46.0
329,2010.0,egypt,70,"Oceanic whitetip shark, 2.5m, female",30-Nov-2010,Nov,n,F,white_shark,28.7
330,2010.0,egypt,48,"Oceanic whitetip shark, 2.5m, female",30-Nov-2010,Nov,n,F,white_shark,48.0
331,2010.0,australia,20,White shark,30-Oct-2010,Oct,n,F,white_shark,20.0
332,2010.0,usa,30,"Porbeagle shark, 8' ",23-Oct-2010,Oct,n,M,unspecified,30.0
333,2010.0,usa,19,"White shark, 14' to 18' ",22-Oct-2010,Oct,y,M,white_shark,19.0
334,2010.0,australia,22,"Bull shark, 1.4m ",09-Oct-2010,Oct,n,M,bull_shark,22.0
335,2010.0,usa,29,White shark,27-Sep-2010,Sep,n,M,white_shark,29.0
336,2010.0,australia,15,2m shark, 13-Sep-2010,Sep,n,M,unspecified,15.0
337,2010.0,australia,31,White shark,17-Aug-2010,Aug,y,M,white_shark,31.0
338,2010.0,usa,37,3' to 4' shark,02-Aug-2010,Aug,n,F,unspecified,37.0
339,2010.0,usa,10,Possibly a small blacktip shark,19-Jul-2010,Jul,n,M,unspecified,10.0
340,2010.0,usa,13,"Sandtiger shark, 4' to 5'",17-Jul-2010,Jul,n,F,tiger_shark,13.0
341,2010.0,spain,9,Angel shark,16-Jul-2010,Jul,n,M,unspecified,9.0
342,2010.0,usa,20,"Blue shark, 7'",03-Jul-2010,Jul,n,M,unspecified,20.0
343,2010.0,usa,19,4' shark,02-Jul-2010,Jul,n,M,unspecified,19.0
344,2010.0,usa,48,8' shark,02-Jul-2010,Jul,n,M,unspecified,48.0
345,2010.0,vietnam,17,1 m shark,15-Jun-2010,Jun,n,M,unspecified,17.0
346,2010.0,usa,18,4' shark,10-Jun-2010,Jun,n,F,unspecified,18.0
347,2010.0,usa,49,"Lemon shark, 4'",30-May-2010,May,n,M,lemon_shark,49.0
348,2010.0,vietnam,58,20 to 30kg shark,18-May-2010,May,n,F,unspecified,58.0
349,2010.0,vietnam,60,20 to 30kg shark,18-May-2010,May,n,F,unspecified,60.0
350,2010.0,usa,10,4' shark,01-May-2010,May,n,F,unspecified,10.0
351,2010.0,usa,29,"Lemon shark, 6'",28-Apr-2010,Apr,n,M,lemon_shark,29.0
352,2010.0,usa,68,14' shark,19-Apr-2010,Apr,n,M,unspecified,28.7
353,2010.0,south africa,35,2 m shark,13-Apr-2010,Apr,n,M,unspecified,35.0
354,2010.0,egypt,24,"Oceanic whitetip shark, 6'",04-Apr-2010,Apr,n,M,white_shark,24.0
355,2010.0,reunion,34,1.5 m shark, 27-Mar-2010,Mar,n,M,unspecified,34.0
356,2010.0,australia,60,2 m shark,13-Feb-2010,Feb,n,F,unspecified,60.0
357,2010.0,australia,46,"Wobbegong shark, 1.6m",11-Feb-2010,Feb,n,M,unspecified,46.0
358,2010.0,australia,18,"White shark, 2.5m",06-Feb-2010,Feb,n,M,white_shark,18.0
359,2010.0,guam,31,Invalid,04-Feb-2010,Feb,unknow,M,unspecified,31.0
360,2010.0,new zealand,14,1.5 m shark,01-Feb-2010,Feb,n,F,unspecified,14.0
361,2010.0,south africa,37,White shark,12-Jan-2010,Jan,y,M,white_shark,37.0
362,2009.0,mozambique,27,"Zambesi shark, 2m ",22-Dec-2009,Dec,n,M,unspecified,27.0
363,2009.0,australia,18,"Bull shark, 3m",20-Dec-2009,Dec,n,M,bull_shark,18.0
364,2009.0,usa,58,"Sandtiger shark, 8'",05-Dec-2009,Dec,n,M,tiger_shark,58.0
365,2009.0,usa,49,Shark involvement not confirmed,25-Nov-2009,Nov,unknow,M,unspecified,49.0
366,2009.0,usa,10,6' shark,24-Nov-2009,Nov,n,M,unspecified,10.0
367,2009.0,usa,31,Thresher shark,16-Nov-2009,Nov,n,M,unspecified,31.0
368,2009.0,usa,18,4' shark,11-Nov-2009,Nov,n,M,unspecified,18.0
369,2009.0,australia,25,2 m shark,08-Nov-2009,Nov,n,M,unspecified,25.0
370,2009.0,australia,27,"White shark, 4m",30-Oct-2009,Oct,n,M,white_shark,27.0
371,2009.0,usa,54,6' to 8' shark,19-Oct-2009,Oct,n,M,unspecified,54.0
372,2009.0,scotland,23,Angel shark,17-Oct-2009,Oct,n,M,unspecified,23.0
373,2009.0,united kingdom,39,Spurdog,02-Oct-2009,Oct,n,M,unspecified,39.0
374,2009.0,usa,60,Shark involvement prior to death not confirmed,12-Sep-2009,Sep,y,M,unspecified,60.0
375,2009.0,south africa,25,White shark,29-Aug-2009,Aug,y,M,white_shark,25.0
376,2009.0,usa,22,"White shark, 5' to 6' juvenile ",25-Aug-2009,Aug,n,F,white_shark,22.0
377,2009.0,usa,56,Bull shark?,01-Aug-2009,Aug,n,M,bull_shark,56.0
378,2009.0,usa,43,"Nurse shark, 6'",04-Jul-2009,Jul,n,F,unspecified,43.0
379,2009.0,australia,52,"Thought to involve a Bronze whale shark, 2m",27-Jun-2009,Jun,n,M,unspecified,52.0
380,2009.0,usa,14,"Shark involvement probable, but not confirmed",16-Jun-2009,Jun,unknow,M,unspecified,14.0
381,2009.0,egypt,50,"Oceanic whitetip shark, 2.5 to 3m",01-Jun-2009,Jun,y,F,white_shark,50.0
382,2009.0,taiwan,46,80 kg shark,31-May-2009,May,n,M,unspecified,46.0
383,2009.0,usa,31,blacktip or spinner shark,17-May-2009,May,n,M,unspecified,31.0
384,2009.0,usa,49,blacktip or spinner shark,16-May-2009,May,n,M,unspecified,49.0
385,2009.0,usa,55,blacktip or spinner shark,16-May-2009,May,n,M,unspecified,55.0
386,2009.0,guam,27,"Blacktip shark, 4'",12-May-2009,May,n,M,unspecified,27.0
387,2009.0,usa,31,2' to 3' shark,17-Apr-2009,Apr,n,M,unspecified,31.0
388,2009.0,australia,40,2' to 3' shark,12-Apr-2009,Apr,n,M,unspecified,40.0
389,2009.0,south africa,24,Shark involvement not confirmed,06-Apr-2009,Apr,unknow,M,unspecified,24.0
390,2009.0,australia,17,Bronze whaler shark?,20-Mar-2009,Mar,n,M,unspecified,17.0
391,2009.0,usa,17,3' to 4' shark,18-Mar-2009,Mar,n,F,unspecified,17.0
392,2009.0,usa,61,Thought to involve a cookie cutter shark,17-Mar-2009,Mar,n,M,unspecified,61.0
393,2009.0,south africa,40,"Blue shark, 1m",02-Mar-2009,Mar,n,M,unspecified,40.0
394,2009.0,australia,15,2.6 m shark,01-Mar-2009,Mar,n,M,unspecified,15.0
395,2009.0,australia,33,"White shark, 2.5m ",12-Feb-2009,Feb,n,M,white_shark,33.0
396,2009.0,australia,31,"Bull shark, 2.7 m ",11-Feb-2009,Feb,n,M,bull_shark,31.0
397,2009.0,australia,41,"White shark, 12' ",07-Feb-2009,Feb,n,M,white_shark,41.0
398,2009.0,cuba,15,Bull shark,25-Jan-2009,Jan,n,M,bull_shark,15.0
399,2009.0,south africa,25,Tiger shark,24-Jan-2009,Jan,y,M,tiger_shark,25.0
400,2009.0,australia,24,"Dusky shark, 2m",12-Jan-2009,Jan,n,M,unspecified,24.0
401,2009.0,australia,13,"White shark, 5m",11-Jan-2009,Jan,n,F,white_shark,13.0
402,2009.0,australia,31,"White shark, 3.5m",11-Jan-2009,Jan,n,M,white_shark,31.0
403,2009.0,new zealand,49,Broadnose sevengill shark,06-Jan-2009,Jan,n,M,unspecified,49.0
404,2008.0,australia,29,"White shark, 4m to 5m ",27-Dec-2008,Dec,n,M,white_shark,29.0
405,2008.0,australia,51,4 to 5m white shark,27-Dec-2008,Dec,y,M,white_shark,51.0
406,2008.0,south africa,15,"Raggedtooth shark, 2m",10-Dec-2008,Dec,n,M,unspecified,15.0
407,2008.0,australia,34,"Grey nurse shark, 3m",22-Oct-2008,Oct,n,M,grey_shark,34.0
408,2008.0,croatia,43,5 m white shark,06-Oct-2008,Oct,n,M,white_shark,43.0
409,2008.0,usa,40,+3' shark,28-Sep-2008,Sep,n,M,unspecified,40.0
410,2008.0,australia,43,Bronze whaler shark,15-Sep-2008,Sep,n,M,unspecified,43.0
411,2008.0,usa,40,Tiger shark,09-Sep-2008,Sep,n,M,tiger_shark,40.0
412,2008.0,australia,51,3 m shark,07-Sep-2008,Sep,n,M,unspecified,51.0
413,2008.0,usa,52,4' shark,01-Sep-2008,Sep,n,M,unspecified,52.0
414,2008.0,usa,27,Shark involvement not confirmed,30-Aug-2008,Aug,unknow,M,unspecified,27.0
415,2008.0,usa,26,6' shark,27-Aug-2008,Aug,n,M,unspecified,26.0
416,2008.0,usa,20,Shark involvement not confirmed,24-Aug-2008,Aug,unknow,F,unspecified,20.0
417,2008.0,usa,38,8' bull shark or Caribbean reef shark,16-Aug-2008,Aug,n,F,bull_shark,38.0
418,2008.0,australia,31,8' white shark or 7-gill shark,30-Jul-2008,Jul,n,M,white_shark,31.0
419,2008.0,usa,8,3' to 4' shark,24-Jul-2008,Jul,n,F,unspecified,8.0
420,2008.0,usa,16,4' shark,19-Jul-2008,Jul,n,M,unspecified,16.0
421,2008.0,usa,53,Shark involvement prior to death not confirmed,28-Jun-2008,Jun,unknow,M,unspecified,53.0
422,2008.0,south africa,46,"White shark, 2m",28-Jun-2008,Jun,n,M,white_shark,46.0
423,2008.0,usa,37,4.5 to 5' shark,26-Jun-2008,Jun,n,M,unspecified,37.0
424,2008.0,usa,40,"White shark, 15'",21-Jun-2008,Jun,n,F,white_shark,40.0
425,2008.0,usa,15,5' shark,01-Jun-2008,Jun,n,F,unspecified,15.0
426,2008.0,brazil,14,Bull shark,01-Jun-2008,Jun,n,M,bull_shark,14.0
427,2008.0,mexico,49,3 m shark,24-May-2008,May,n,M,unspecified,49.0
428,2008.0,australia,37,"White shark, 4m",10-May-2008,May,n,M,white_shark,37.0
429,2008.0,new caledonia,40,2 small bull sharks,07-May-2008,May,n,M,bull_shark,40.0
430,2008.0,mexico,24,Tiger shark,28-Apr-2008,Apr,y,M,tiger_shark,24.0
431,2008.0,usa,18,4' shark,28-Apr-2008,Apr,n,M,unspecified,18.0
432,2008.0,new caledonia,32,"Bull shark, 1.8m",26-Apr-2008,Apr,n,M,bull_shark,32.0
433,2008.0,usa,66,"White shark, 12' to 15'",25-Apr-2008,Apr,y,M,white_shark,28.7
434,2008.0,mexico,32,"Reported by media as shark attack, but shark involvement prior to death was not confirmed",18-Apr-2008,Apr,unknow,M,unspecified,32.0
435,2008.0,australia,19,Shark involvement not confirmed; thought to be a barracuda bite,17-Apr-2008,Apr,unknow,M,unspecified,19.0
436,2008.0,usa,30,1.5' to 2' shark,15-Apr-2008,Apr,n,M,unspecified,30.0
437,2008.0,australia,16,Bull shark,08-Apr-2008,Apr,y,M,bull_shark,16.0
438,2008.0,usa,52,4' to 5' shark,28-Mar-2008,Mar,n,M,unspecified,52.0
439,2008.0,usa,13,2.5' shark,23-Mar-2008,Mar,n,M,unspecified,13.0
440,2008.0,usa,8,Shark involvement not confirmed,15-Mar-2008,Mar,n,M,unspecified,8.0
441,2008.0,usa,27,White shark,07-Mar-2008,Mar,n,M,white_shark,27.0
442,2008.0,bahamas,49,"A bull shark, according to some of the divers on the boat",24-Feb-2008,Feb,y,M,bull_shark,49.0
443,2008.0,australia,20,"Mako shark, 90kg",27-Jan-2008,Jan,n,M,unspecified,20.0
444,2007.0,australia,31,2 m shark,18-Dec-2007,Dec,n,M,unspecified,31.0
445,2007.0,australia,34,Not a shark attack; it was a hoax,14-Dec-2007,Dec,unknow,M,unspecified,34.0
446,2007.0,usa,52,Tiger shark,10-Dec-2007,Dec,n,M,tiger_shark,52.0
447,2007.0,south africa,14,1.5 to 2 m shark,07-Nov-2007,Nov,n,M,unspecified,14.0
448,2007.0,usa,21,4' to 5' shark,06-Nov-2007,Nov,n,M,unspecified,21.0
449,2007.0,usa,42,5' shark,04-Nov-2007,Nov,n,M,unspecified,42.0
450,2007.0,south africa,37,"White shark, 3m to 4m",03-Nov-2007,Nov,n,M,white_shark,37.0
451,2007.0,usa,32,Tiger shark,29-Oct-2007,Oct,n,M,tiger_shark,32.0
452,2007.0,australia,52,"White shark, 2.5m ",15-Oct-2007,Oct,n,F,white_shark,52.0
453,2007.0,australia,31,Bronze whaler shark,13-Oct-2007,Oct,n,M,unspecified,31.0
454,2007.0,usa,22,3' to 4' shark,07-Oct-2007,Oct,n,M,unspecified,22.0
455,2007.0,usa,16,"Blacktip shark, 5'",06-Oct-2007,Oct,n,M,unspecified,16.0
456,2007.0,new caledonia,23,Tiger shark,30-Sep-2007,Sep,y,F,tiger_shark,23.0
457,2007.0,bahamas,48,Caribbean reef shark,28-Sep-2007,Sep,n,F,unspecified,48.0
458,2007.0,egypt,18 or 20,Oceanic whitetip sharks were in the vicinity,27-Sep-2007,Sep,n,F,white_shark,18.0
459,2007.0,usa,23,3' shark,20-Sep-2007,Sep,n,M,unspecified,23.0
